,P1,P2,P3,P4,P5,P6,Metrics,Window ,Cost,AvgPointsPerGame
1,Aaron Wise,Abraham Ancer,Harold Varner III,Kevin Streelman,Sergio Garcia,Shane Lowry,"Sum['AVG_104', '%_160', 'SG:OTT_02674']",,"43,800.00",377.47
2,Bryson DeChambeau,Corey Conners,Jason Kokrak,Joaquin Niemann,Sam Horsfield,Webb Simpson,"Sum['%_103', 'AVG_104', 'AVERAGE_02564']",,"48,600.00",487.98
3,Brian Harman,Bryson DeChambeau,Corey Conners,Gary Woodland,Shane Lowry,Webb Simpson,"Sum['AVERAGE_02675', '%_160', 'SG:OTT_02674']",,"49,700.00",424.54
4,Bryson DeChambeau,Corey Conners,Emiliano Grillo,Joaquin Niemann,Stewart Cink,Webb Simpson,"Sum['AVERAGE_02564', 'SG:OTT_02674', '%_103']",,"48,700.00",466.75
5,Aaron Wise,Abraham Ancer,J.T. Poston,Justin Thomas,Sergio Garcia,Shane Lowry,"Sum['AVG_104', 'AVERAGE_02674', 'SG:APR_02674']",,"47,900.00",399.41
6,Brendan Steele,Cameron Tringale,Chris Kirk,Jordan Spieth,Lee Westwood,Matt Jones,"Sum['AVERAGE_02675', 'SG:ARG_02674', 'SG:APR_02674']",,"45,200.00",400.79
7,Charl Schwartzel,Collin Morikawa,Joaquin Niemann,Marc Leishman,Matt Jones,Will Zalatoris,"Sum['%_160', 'AVERAGE_02674', '%_103']",,"47,900.00",426.71
8,Adam Scott,Billy Horschel,Collin Morikawa,Joaquin Niemann,Marc Leishman,Will Zalatoris,"Sum['SG:APR_02674', '%_103', 'BIRDIE TO BOGEY RATIO_02415']",,"49,100.00",443.3
9,Adam Scott,Brendan Steele,Bryson DeChambeau,Cameron Davis,Daniel Berger,Joaquin Niemann,"Sum['AVERAGE_02564', 'SG:OTT_02674', 'SG:APR_02674']",,"48,000.00",452.22
10,Bryson DeChambeau,Daniel Berger,Joaquin Niemann,Lee Westwood,Matt Jones,Sergio Garcia,"Sum['%_115', 'AVERAGE_02674', 'SG:OTT_02674']",,"48,800.00",438.55
11,Denny McCarthy,Jordan Spieth,Patrick Cantlay,Si Woo Kim,Sungjae Im,Tony Finau,"Sum['AVERAGE_02675', 'AVERAGE_02674', 'AVERAGE_02564']",,"49,400.00",414.72
12,Gary Woodland,Jordan Spieth,Kevin Streelman,Max Homa,Patrick Cantlay,Tony Finau,"Sum['SG:OTT_02674', 'AVERAGE_02675', '%_115']",,"49,200.00",392.48
13,Aaron Wise,Gary Woodland,Joaquin Niemann,Patrick Cantlay,Si Woo Kim,Tony Finau,"Sum['%_103', 'AVERAGE_02564', 'SG:OTT_02674']",,"47,300.00",401.03
14,Charley Hoffman,Gary Woodland,Joaquin Niemann,Patrick Cantlay,Si Woo Kim,Tony Finau,"Sum['SG:OTT_02674', 'AVERAGE_02674', 'AvgPointsPerGame']",,"47,400.00",412.33
15,Adam Scott,Cameron Davis,Cameron Tringale,Gary Woodland,Talor Gooch,Rory McIlroy,"Sum['AVG_104', '%_160', 'SG:APR_02674']",,"47,500.00",386.72
16,Jordan Spieth,Matt Wallace,Patrick Cantlay,Paul Casey,Si Woo Kim,Tony Finau,"Sum['AVERAGE_02675', 'SG:APR_02674', 'AVG_104']",,"50,000.00",421.46
17,Cameron Tringale,Charley Hoffman,Patrick Cantlay,Rickie Fowler,Tony Finau,Viktor Hovland,"Sum['%_115', 'SG:OTT_02674', 'AVERAGE_02675']",,"48,300.00",426.11
18,Charley Hoffman,Patrick Cantlay,Patrick Reed,Paul Casey,Si Woo Kim,Viktor Hovland,"Sum['AVERAGE_02564', 'AVERAGE_02675', 'AVERAGE_02674']",,"49,600.00",438.55
19,Bryson DeChambeau,Bubba Watson,Cameron Davis,Joaquin Niemann,Ryan Palmer,Viktor Hovland,"Sum['AVERAGE_02564', 'AVG_104', 'SG:OTT_02674']",,"48,600.00",467.22
20,Charley Hoffman,Chris Kirk,Jordan Spieth,Maverick McNealy,Patrick Cantlay,Paul Casey,"Sum['BIRDIE TO BOGEY RATIO_02415', 'SG:ARG_02674', '%_103']",,"47,600.00",416.53
21,Billy Horschel,Chris Kirk,Collin Morikawa,Sebastian Munoz,Viktor Hovland,Webb Simpson,"Sum['%_103', 'AVERAGE_02675', 'SG:APR_02674']",,"49,100.00",444.09
22,Adam Hadwin,Jason Day,Justin Thomas,Paul Casey,Sergio Garcia,Viktor Hovland,"Sum['%_160', 'AVERAGE_02675', 'AVERAGE_02674']",,"49,900.00",417.97
23,Sam Horsfield,Collin Morikawa,Harry Higgs,Marc Leishman,Sebastian Munoz,Webb Simpson,"Sum['AVERAGE_02564', '%_103', '%_160']",,"46,300.00",421.19
24,Billy Horschel,Chris Kirk,Collin Morikawa,Sebastian Munoz,Viktor Hovland,Webb Simpson,"Sum['AVERAGE_02674', 'AVERAGE_02675', '%_103']",,"49,100.00",444.09
25,Billy Horschel,Charley Hoffman,Chris Kirk,Collin Morikawa,Viktor Hovland,Webb Simpson,"Sum['AVERAGE_02675', 'AVERAGE_02674', '%_103']",,"49,800.00",453.52
26,Cameron Davis,Charl Schwartzel,Jason Dufner,Jason Kokrak,Patrick Reed,Xander Schauffele,"Sum['SG:ARG_02674', '%_160', 'AVG_104']",,"45,800.00",398.55
27,Aaron Wise,Cameron Davis,Corey Conners,Joaquin Niemann,Kevin Streelman,Rory McIlroy,"Sum['AVG_104', 'SG:OTT_02674', 'SG:ARG_02674']",,"47,700.00",418.03
28,Charley Hoffman,J.T. Poston,Joaquin Niemann,Matt Wallace,Rory McIlroy,Viktor Hovland,"Sum['SG:OTT_02674', 'AVERAGE_02564', 'SG:APR_02674']",,"49,400.00",428.38
29,Chris Kirk,Marc Leishman,Patrick Reed,Peter Malnati,Viktor Hovland,Xander Schauffele,"Sum['%_160', '%_103', 'AVERAGE_02564']",,"48,800.00",432.85
30,Charley Hoffman,Chris Kirk,Francesco Molinari,Matt Wallace,Tony Finau,Viktor Hovland,"Sum['%_115', 'AVERAGE_02675', 'AVERAGE_02674']",,"46,400.00",416.77
31,Brian Harman,Bryson DeChambeau,Cameron Tringale,Matt Wallace,Sungjae Im,Viktor Hovland,"Sum['AVERAGE_02564', 'AVERAGE_02674', 'BIRDIE TO BOGEY RATIO_02415']",,"49,700.00",452.54
32,Bryson DeChambeau,Harry Higgs,Jordan Spieth,Sebastian Munoz,Talor Gooch,Viktor Hovland,"Sum['SG:APR_02674', '%_115', '%_160']",,"49,200.00",420.79
33,Adam Hadwin,Adam Scott,Bryson DeChambeau,Jordan Spieth,Matt Wallace,Shane Lowry,"Sum['SG:ARG_02674', '%_160', 'BIRDIE TO BOGEY RATIO_02415']",,"49,700.00",403.98
34,Brian Harman,Bryson DeChambeau,Cameron Smith,Jason Kokrak,Ryan Palmer,Viktor Hovland,"Sum['AVERAGE_02564', '%_160', 'AvgPointsPerGame']",,"49,800.00",482.83
35,Brian Harman,Bryson DeChambeau,Harold Varner III,Jason Kokrak,Jordan Spieth,Shane Lowry,"Sum['%_160', 'SG:OTT_02674', '%_103']",,"49,200.00",422.39
36,Cameron Smith,Denny McCarthy,Dustin Johnson,Paul Casey,Sungjae Im,Zach Johnson,"Sum['AVG_104', '%_115', 'AVERAGE_02564']",,"48,800.00",433.29
37,Corey Conners,Harold Varner III,Matt Wallace,Kalle Samooja,Justin Thomas,Sungjae Im,"Sum['SG:OTT_02674', '%_160', 'AVERAGE_02675']",,"47,600.00",429.78
38,Adam Scott,Brian Harman,Paul Casey,Sam Burns,Shane Lowry,Will Zalatoris,"Sum['AVERAGE_02675', '%_160', 'AvgPointsPerGame']",,"47,100.00",435.68
39,Charley Hoffman,Jordan Spieth,Matt Wallace,Kalle Samooja,Paul Casey,Stewart Cink,"Sum['%_103', 'AVERAGE_02675', 'BIRDIE TO BOGEY RATIO_02415']",,"45,800.00",424
40,Brian Harman,Cameron Smith,Cameron Tringale,Charley Hoffman,Dustin Johnson,Paul Casey,"Sum['SG:APR_02674', '%_115', 'AvgPointsPerGame']",,"49,300.00",456.42
41,Cameron Davis,Denny McCarthy,Jason Kokrak,Shane Lowry,Will Zalatoris,Xander Schauffele,"Sum['SG:OTT_02674', '%_160', 'AVG_104']",,"46,400.00",428.62
42,Abraham Ancer,Brian Harman,Bryson DeChambeau,Jason Kokrak,Sam Burns,Viktor Hovland,"Sum['%_115', 'AvgPointsPerGame', 'SG:OTT_02674']",,"49,400.00",463.48
43,Cameron Davis,Charley Hoffman,Justin Thomas,Paul Casey,Si Woo Kim,Tony Finau,"Sum['AvgPointsPerGame', 'SG:APR_02674', '%_103']",,"49,000.00",440.41
44,Aaron Wise,Cameron Davis,Dylan Frittelli,Jason Dufner,Jason Kokrak,Justin Thomas,"Sum['%_160', 'AVG_104', 'AVERAGE_02674']",,"45,300.00",374.93
45,Aaron Wise,Bubba Watson,Jason Kokrak,Kevin Streelman,Rickie Fowler,Rory McIlroy,"Sum['AVG_104', '%_103', 'SG:OTT_02674']",,"47,000.00",375.07
46,Bryson DeChambeau,Bubba Watson,Emiliano Grillo,Sam Horsfield,Scottie Scheffler,Xander Schauffele,"Sum['SG:OTT_02674', 'BIRDIE TO BOGEY RATIO_02415', 'AVG_104']",,"49,500.00",467.66
47,Carlos Ortiz,Charley Hoffman,Patrick Reed,Ryan Palmer,Viktor Hovland,Xander Schauffele,"Sum['%_115', 'SG:APR_02674', 'AvgPointsPerGame']",,"49,100.00",465.24
48,Bryson DeChambeau,Emiliano Grillo,J.T. Poston,Patrick Reed,Scottie Scheffler,Sungjae Im,"Sum['SG:OTT_02674', '%_115', 'BIRDIE TO BOGEY RATIO_02415']",,"49,200.00",427.97
49,Bryson DeChambeau,Cameron Davis,Charl Schwartzel,Jason Kokrak,Patrick Reed,Xander Schauffele,"Sum['AVERAGE_02674', '%_160', 'AVERAGE_02564']",,"49,700.00",441.55
50,Bryson DeChambeau,Carlos Ortiz,J.T. Poston,Max Homa,Ryan Palmer,Xander Schauffele,"Sum['%_160', 'AVERAGE_02564', 'AVERAGE_02674']",,"47,000.00",441.31
51,Brian Harman,Emiliano Grillo,Jordan Spieth,Matt Wallace,Patrick Cantlay,Paul Casey,"Sum['%_160', 'BIRDIE TO BOGEY RATIO_02415', 'AVERAGE_02675']",,"48,600.00",424.36
52,Jordan Spieth,Keegan Bradley,Matt Wallace,Patrick Cantlay,Paul Casey,Rickie Fowler,"Sum['AVERAGE_02674', 'SG:ARG_02674', 'AVG_104']",,"48,500.00",394.13
53,Daniel Berger,Jordan Spieth,Matt Wallace,Maverick McNealy,Patrick Cantlay,Paul Casey,"Sum['%_103', 'SG:ARG_02674', 'AVERAGE_02674']",,"49,400.00",415.6
54,Abraham Ancer,Daniel Berger,Emiliano Grillo,Matt Wallace,Patrick Cantlay,Paul Casey,"Sum['SG:OTT_02674', 'AVERAGE_02675', 'BIRDIE TO BOGEY RATIO_02415']",,"47,700.00",431.91
55,Abraham Ancer,Brian Harman,Dustin Johnson,Paul Casey,Ryan Palmer,Will Zalatoris,"Sum['%_160', '%_115', 'AvgPointsPerGame']",,"49,600.00",475.62
56,Bryson DeChambeau,Chris Kirk,Corey Conners,Jordan Spieth,Lee Westwood,Matt Wallace,"Sum['AVERAGE_02674', 'AVERAGE_02675', '%_103']",,"49,700.00",421.2
57,Billy Horschel,Collin Morikawa,Corey Conners,Daniel Berger,Lee Westwood,Webb Simpson,"Sum['%_115', '%_103', 'AVERAGE_02675']",,"49,900.00",433.34
58,Bryson DeChambeau,Jason Kokrak,Lee Westwood,Matt Wallace,Scottie Scheffler,Viktor Hovland,"Sum['SG:OTT_02674', '%_115', 'AVERAGE_02675']",,"49,900.00",427.15
59,Aaron Wise,Marc Leishman,Martin Laird,Scottie Scheffler,Viktor Hovland,Will Zalatoris,"Sum['AVG_104', '%_115', '%_160']",,"47,700.00",414.49
60,Adam Hadwin,Christiaan Bezuidenhout,Kevin Na,Paul Casey,Jon Rahm,Tommy Fleetwood,"Sum['SG:APR_02674', 'AVG_104', 'SG:ARG_02674']",,"46,400.00",397.76
61,Rory McIlroy,Billy Horschel,Carlos Ortiz,J.T. Poston,Justin Thomas,Stewart Cink,"Sum['AVERAGE_02564', 'SG:ARG_02674', 'BIRDIE TO BOGEY RATIO_02415']",,"49,900.00",420.49
62,Chris Kirk,Dustin Johnson,Peter Malnati,Ryan Palmer,Viktor Hovland,Xander Schauffele,"Sum['AVERAGE_02564', 'AVERAGE_02674', '%_160']",,"49,900.00",463.89
63,Collin Morikawa,Emiliano Grillo,Jason Kokrak,Stewart Cink,Viktor Hovland,Webb Simpson,"Sum['%_103', 'AVG_104', 'SG:APR_02674']",,"49,300.00",451.52
64,Cameron Tringale,Collin Morikawa,Kevin Na,Marc Leishman,Tony Finau,Viktor Hovland,"Sum['SG:APR_02674', '%_115', 'AVG_104']",,"49,300.00",431.53
65,Cameron Tringale,Charl Schwartzel,Collin Morikawa,Emiliano Grillo,Francesco Molinari,Viktor Hovland,"Sum['%_160', 'AVERAGE_02674', 'AVG_104']",,"46,800.00",403.27
66,Brian Harman,Daniel Berger,Jordan Spieth,Paul Casey,Sam Burns,Tony Finau,"Sum['SG:ARG_02674', 'BIRDIE TO BOGEY RATIO_02415', 'AvgPointsPerGame']",,"50,000.00",449.77
67,Adam Hadwin,Charl Schwartzel,Lee Westwood,Patrick Reed,Paul Casey,Sam Burns,"Sum['AVERAGE_02564', 'SG:ARG_02674', '%_103']",,"44,800.00",379.55
68,Brian Harman,Jordan Spieth,Lee Westwood,Marc Leishman,Paul Casey,Sam Burns,"Sum['BIRDIE TO BOGEY RATIO_02415', '%_103', 'AVERAGE_02564']",,"47,700.00",405.43
69,Brian Harman,Bryson DeChambeau,Charley Hoffman,Daniel Berger,Paul Casey,Tony Finau,"Sum['AvgPointsPerGame', 'AVERAGE_02675', '%_115']",,"49,900.00",464.34
70,Daniel Berger,Jordan Spieth,Lee Westwood,Paul Casey,Sam Burns,Tony Finau,"Sum['AVERAGE_02674', '%_115', '%_103']",,"50,000.00",429.16
71,Cameron Davis,Gary Woodland,J.T. Poston,Matt Wallace,Viktor Hovland,Will Zalatoris,"Sum['AVERAGE_02675', 'AVG_104', 'SG:ARG_02674']",,"46,000.00",402.89
72,Charley Hoffman,Collin Morikawa,Harry Higgs,Kevin Na,Marc Leishman,Rory McIlroy,"Sum['%_115', 'BIRDIE TO BOGEY RATIO_02415', '%_103']",,"49,500.00",394.95
73,Billy Horschel,Brian Harman,Cameron Smith,Kevin Na,Marc Leishman,Webb Simpson,"Sum['AVERAGE_02564', 'BIRDIE TO BOGEY RATIO_02415', 'SG:ARG_02674']",,"47,200.00",434.15
74,Charley Hoffman,Kevin Na,Marc Leishman,Matt Wallace,Rory McIlroy,Viktor Hovland,"Sum['%_115', 'AVERAGE_02564', 'AVERAGE_02674']",,"50,000.00",413.33
75,Billy Horschel,Chris Kirk,Kevin Na,Matt Wallace,Rory McIlroy,Webb Simpson,"Sum['AVERAGE_02675', 'SG:ARG_02674', '%_103']",,"49,200.00",422.1
76,Aaron Wise,Bubba Watson,Kevin Na,Louis Oosthuizen,Martin Laird,Tommy Fleetwood,"Sum['%_103', 'AVG_104', 'SG:ARG_02674']",,"44,100.00",375.62
77,Brendan Steele,Bryson DeChambeau,Jason Day,Kevin Na,Shane Lowry,Tyrrell Hatton,"Sum['SG:OTT_02674', 'AVG_104', 'SG:ARG_02674']",,"47,100.00",402.78
78,Brian Harman,Cameron Smith,Joaquin Niemann,Sam Burns,Sungjae Im,Xander Schauffele,"Sum['AVERAGE_02564', 'SG:ARG_02674', 'AvgPointsPerGame']",,"49,500.00",475.49
79,Bryson DeChambeau,Charl Schwartzel,Daniel Berger,Jason Kokrak,Lee Westwood,Xander Schauffele,"Sum['SG:OTT_02674', 'SG:ARG_02674', 'AVERAGE_02675']",,"49,800.00",433.28
80,Bryson DeChambeau,Bubba Watson,Charl Schwartzel,Paul Casey,Shane Lowry,Tommy Fleetwood,"Sum['AVG_104', 'AvgPointsPerGame', 'AVERAGE_02675']",,"48,200.00",400.53
81,Cameron Davis,Charley Hoffman,Dustin Johnson,Marc Leishman,Paul Casey,Webb Simpson,"Sum['%_115', 'BIRDIE TO BOGEY RATIO_02415', '%_103']",,"49,600.00",437.15
82,Charley Hoffman,Corey Conners,Emiliano Grillo,Justin Thomas,Stewart Cink,Sungjae Im,"Sum['SG:OTT_02674', '%_103', 'AVERAGE_02675']",,"48,400.00",442.94
83,Corey Conners,Gary Woodland,Justin Thomas,Kevin Na,Matt Wallace,Stewart Cink,"Sum['SG:OTT_02674', 'AVERAGE_02675', 'SG:ARG_02674']",,"47,600.00",401.7
84,Jordan Spieth,Justin Thomas,Kevin Na,Marc Leishman,Russell Henley,Stewart Cink,"Sum['%_103', 'AVERAGE_02675', 'SG:APR_02674']",,"50,000.00",419.38
85,Gary Woodland,Justin Thomas,Kevin Na,Matt Wallace,Russell Henley,Stewart Cink,"Sum['AVERAGE_02675', 'AVERAGE_02674', 'SG:ARG_02674']",,"47,200.00",395.2
86,Adam Scott,Cameron Tringale,Francesco Molinari,Jason Kokrak,Sam Burns,Xander Schauffele,"Sum['%_160', 'AVERAGE_02674', 'SG:ARG_02674']",,"46,000.00",417.37
87,Abraham Ancer,Ryan Palmer,Sam Burns,Viktor Hovland,Will Zalatoris,Xander Schauffele,"Sum['AvgPointsPerGame', '%_103', 'AVERAGE_02675']",,"50,000.00",487.53
88,Aaron Wise,Abraham Ancer,Francesco Molinari,Rory McIlroy,Sam Burns,Will Zalatoris,"Sum['SG:ARG_02674', '%_103', 'AVERAGE_02674']",,"49,700.00",413.28
89,Brian Harman,Joaquin Niemann,Ryan Palmer,Viktor Hovland,Will Zalatoris,Xander Schauffele,"Sum['AVERAGE_02674', 'AVERAGE_02564', 'AvgPointsPerGame']",,"49,800.00",500.42
90,Abraham Ancer,Charl Schwartzel,Corey Conners,Francesco Molinari,Rory McIlroy,Viktor Hovland,"Sum['SG:OTT_02674', '%_103', 'SG:APR_02674']",,"49,900.00",412.66
91,Bryson DeChambeau,Harris English,Joaquin Niemann,Jordan Spieth,Sebastian Munoz,Sergio Garcia,"Sum['AVG_104', '%_115', '%_103']",,"49,500.00",438.98
92,Collin Morikawa,Daniel Berger,Lanto Griffin,Matt Wallace,Sergio Garcia,Webb Simpson,"Sum['AVG_104', 'AVERAGE_02674', 'SG:OTT_02674']",,"49,300.00",422.61
93,Collin Morikawa,Corey Conners,Joaquin Niemann,Justin Thomas,Sebastian Munoz,Stewart Cink,"Sum['SG:APR_02674', 'AvgPointsPerGame', '%_103']",,"50,000.00",448.1
94,Collin Morikawa,Corey Conners,Jordan Spieth,Matt Wallace,Maverick McNealy,Sergio Garcia,"Sum['%_160', 'SG:OTT_02674', 'AVERAGE_02674']",,"49,000.00",403.44
95,Charley Hoffman,Collin Morikawa,Daniel Berger,Patrick Cantlay,Ryan Palmer,Tom Lewis,"Sum['AVG_104', 'AVERAGE_02675', 'AVERAGE_02564']",,"48,100.00",418.75
96,Aaron Wise,Abraham Ancer,Jordan Spieth,Kevin Streelman,Webb Simpson,Will Zalatoris,"Sum['SG:APR_02674', 'SG:ARG_02674', 'AVG_104']",,"49,900.00",435.66
97,Brooks Koepka,Corey Conners,Richy Werenski,Scottie Scheffler,Sungjae Im,Viktor Hovland,"Sum['AVG_104', '%_160', 'SG:OTT_02674']",,"49,500.00",424.68
98,Billy Horschel,Brooks Koepka,Cameron Tringale,Daniel Berger,Louis Oosthuizen,Viktor Hovland,"Sum['AVERAGE_02675', 'BIRDIE TO BOGEY RATIO_02415', 'AvgPointsPerGame']",,"49,800.00",446.04
99,Billy Horschel,Brooks Koepka,Cameron Tringale,Louis Oosthuizen,Sam Burns,Scottie Scheffler,"Sum['%_103', '%_115', 'SG:ARG_02674']",,"47,800.00",419.21
100,Brooks Koepka,Cameron Tringale,Daniel Berger,Jason Day,Louis Oosthuizen,Scottie Scheffler,"Sum['BIRDIE TO BOGEY RATIO_02415', 'AVERAGE_02675', 'SG:ARG_02674']",,"49,500.00",411.01
101,Rory McIlroy,Christiaan Bezuidenhout,Ian Poulter,Brooks Koepka,Phil Mickelson,Ryan Palmer,"Sum['AVG_104', 'AVERAGE_02564', '%_115']",,"48,500.00",391.35
102,Rory McIlroy,Christiaan Bezuidenhout,Harris English,Ian Poulter,Louis Oosthuizen,Ryan Palmer,"Sum['%_160', 'AVG_104', 'AVERAGE_02564']",,"47,500.00",408.93
103,Brendon Todd,Ryan Palmer,Scottie Scheffler,Viktor Hovland,Will Zalatoris,Xander Schauffele,"Sum['AVERAGE_02675', 'AvgPointsPerGame', '%_160']",,"49,800.00",476.38
104,Adam Scott,Bryson DeChambeau,Francesco Molinari,Louis Oosthuizen,Matt Jones,Ryan Palmer,"Sum['BIRDIE TO BOGEY RATIO_02415', 'AVERAGE_02675', 'AVG_104']",,"46,900.00",429.92
105,Harold Varner III,Harris English,Louis Oosthuizen,Ryan Palmer,Scottie Scheffler,Xander Schauffele,"Sum['AVERAGE_02564', 'BIRDIE TO BOGEY RATIO_02415', '%_160']",,"46,800.00",439.78
106,Cameron Davis,Jon Rahm,Jordan Spieth,Lanto Griffin,Stewart Cink,Will Zalatoris,"Sum['SG:APR_02674', '%_103', '%_160']",,"49,800.00",439.24
107,Cameron Davis,Corey Conners,Jason Kokrak,Justin Thomas,Talor Gooch,Xander Schauffele,"Sum['SG:APR_02674', 'BIRDIE TO BOGEY RATIO_02415', 'SG:OTT_02674']",,"49,100.00",446.94
108,Harold Varner III,Jason Kokrak,Justin Thomas,Russell Henley,Ryan Palmer,Xander Schauffele,"Sum['AVERAGE_02675', 'BIRDIE TO BOGEY RATIO_02415', '%_103']",,"48,700.00",451.09
109,Brian Harman,Carlos Ortiz,Justin Thomas,Ryan Palmer,Sam Burns,Xander Schauffele,"Sum['%_115', 'AVERAGE_02564', 'AvgPointsPerGame']",,"49,600.00",467.13
110,Brian Harman,Carlos Ortiz,Sam Horsfield,Justin Thomas,Sam Burns,Xander Schauffele,"Sum['AVERAGE_02675', '%_115', '%_103']",,"49,400.00",477.9
111,Brian Harman,Bryson DeChambeau,Keegan Bradley,Kevin Na,Matt Jones,Tommy Fleetwood,"Sum['AVERAGE_02675', 'AVG_104', 'SG:ARG_02674']",,"47,100.00",420.81
112,Charl Schwartzel,Collin Morikawa,Jason Dufner,Jon Rahm,Paul Casey,Stewart Cink,"Sum['SG:APR_02674', 'AVERAGE_02675', 'AVG_104']",,"48,000.00",399.06
113,Brian Harman,Bryson DeChambeau,Cameron Smith,Keegan Bradley,Kevin Na,Tommy Fleetwood,"Sum['SG:ARG_02674', 'AVG_104', 'SG:APR_02674']",,"48,900.00",436.25
114,Abraham Ancer,Gary Woodland,Max Homa,Tony Finau,Viktor Hovland,Webb Simpson,"Sum['AVERAGE_02675', 'AVG_104', 'SG:OTT_02674']",,"49,800.00",431.51
115,Emiliano Grillo,Paul Casey,Sam Burns,Tony Finau,Will Zalatoris,Xander Schauffele,"Sum['AvgPointsPerGame', 'SG:APR_02674', '%_115']",,"49,200.00",468.78
116,Abraham Ancer,Charl Schwartzel,Collin Morikawa,Corey Conners,Jim Herman,Will Zalatoris,"Sum['%_103', 'AVG_104', 'SG:APR_02674']",,"47,000.00",405.55
117,Dustin Johnson,Jim Herman,Keegan Bradley,Paul Casey,Tommy Fleetwood,Tyrrell Hatton,"Sum['AVG_104', 'AVERAGE_02674', 'SG:ARG_02674']",,"48,200.00",400.35
118,Abraham Ancer,Chris Kirk,Daniel Berger,Gary Woodland,Lee Westwood,Rory McIlroy,"Sum['%_160', 'AVERAGE_02675', 'AVERAGE_02674']",,"50,000.00",400.46
119,Abraham Ancer,Cameron Smith,Joaquin Niemann,Ryan Palmer,Will Zalatoris,Xander Schauffele,"Sum['%_103', '%_160', 'AvgPointsPerGame']",,"49,900.00",499.63
120,Abraham Ancer,Bryson DeChambeau,Charley Hoffman,Joaquin Niemann,Tyrrell Hatton,Will Zalatoris,"Sum['AVERAGE_02674', 'SG:OTT_02674', 'AvgPointsPerGame']",,"50,000.00",477.89
121,Charley Hoffman,Justin Thomas,Lee Westwood,Sam Burns,Sergio Garcia,Will Zalatoris,"Sum['AVG_104', 'AVERAGE_02674', 'SG:APR_02674']",,"49,900.00",431.28
122,Adam Hadwin,Louis Oosthuizen,Matt Jones,Max Homa,Shane Lowry,Webb Simpson,"Sum['AVERAGE_02564', 'SG:ARG_02674', 'AVERAGE_02674']",,"45,700.00",400.31
123,Daniel Berger,Harris English,Lee Westwood,Sam Burns,Viktor Hovland,Webb Simpson,"Sum['BIRDIE TO BOGEY RATIO_02415', 'AvgPointsPerGame', 'AVERAGE_02674']",,"49,300.00",441.58
124,Harris English,Justin Thomas,Lee Westwood,Max Homa,Sam Burns,Viktor Hovland,"Sum['AVERAGE_02674', 'AVERAGE_02675', 'BIRDIE TO BOGEY RATIO_02415']",,"50,000.00",429.77
125,Daniel Berger,Harris English,Justin Thomas,Lee Westwood,Sam Burns,Sergio Garcia,"Sum['%_103', '%_115', 'SG:APR_02674']",,"49,700.00",424.77
126,Aaron Wise,Bryson DeChambeau,Corey Conners,Sam Horsfield,Russell Henley,Hideki Matsuyama,Low Exposure Golfer 6,,"48,300.00",449.51
127,Brooks Koepka,Carlos Ortiz,Corey Conners,Jason Kokrak,Viktor Hovland,Hideki Matsuyama,Low Exposure Golfer 6,,"49,800.00",435.96
128,Brian Harman,Harris English,Matt Wallace,Patrick Cantlay,Shane Lowry,Hideki Matsuyama,Low Exposure Golfer 6,,"48,200.00",408.16
129,Billy Horschel,Bryson DeChambeau,Cameron Tringale,Charley Hoffman,Jason Day,Hideki Matsuyama,Low Exposure Golfer 6,,"48,900.00",419.46
130,Collin Morikawa,Corey Conners,Daniel Berger,Kevin Streelman,Russell Henley,Hideki Matsuyama,Low Exposure Golfer 6,,"49,400.00",427.22
131,Brian Harman,Joaquin Niemann,Ryan Palmer,Viktor Hovland,Will Zalatoris,Hideki Matsuyama,Low Exposure Golfer 6,,"49,600.00",482.57
132,Abraham Ancer,Bryson DeChambeau,Emiliano Grillo,Ryan Palmer,Sungjae Im,Hideki Matsuyama,Low Exposure Golfer 6,,"49,700.00",458.16
133,Cameron Smith,Charley Hoffman,Paul Casey,Tony Finau,Tyrrell Hatton,Patrick Reed,Low Exposure Golfer 6,,"49,600.00",455.99
134,Bryson DeChambeau,Joaquin Niemann,Sergio Garcia,Chris Kirk,Carlos Ortiz,Jon Rahm,Low Exposure Golfer 6,,"50,000.00",456.46
135,Collin Morikawa,Corey Conners,Sam Burns,Russell Henley,Stewart Cink,Jon Rahm,Low Exposure Golfer 6,,"49,500.00",437.02
136,Cameron Smith,Will Zalatoris,Joaquin Niemann,Chris Kirk,Ryan Palmer,Jon Rahm,Low Exposure Golfer 6,,"49,900.00",488.54
137,Jon Rahm,Corey Conners,Harris English,Billy Horschel,Chris Kirk,Jon Rahm,Low Exposure Golfer 6,,"50,000.00",449.04
138,Xander Schauffele,Cameron Smith,Louis Oosthuizen,Christiaan Bezuidenhout,Denny McCarthy,Jon Rahm,Low Exposure Golfer 6,,"50,000.00",445.32
139,Abraham Ancer,Chris Kirk,Hideki Matsuyama,Kevin Na,Maverick McNealy,Patrick Reed,Low Exposure Golfer 6,,"46,800.00",412.72
140,Jason Kokrak,Keegan Bradley,Rickie Fowler,Talor Gooch,Will Zalatoris,Patrick Reed,Low Exposure Golfer 6,,"45,900.00",403.87
141,Collin Morikawa,Daniel Berger,Joaquin Niemann,Sam Burns,Stewart Cink,Patrick Reed,Low Exposure Golfer 6,,"49,800.00",450.39
142,Charley Hoffman,Collin Morikawa,Joaquin Niemann,Marc Leishman,Sergio Garcia,Patrick Reed,Low Exposure Golfer 6,,"49,200.00",425.19
143,Charl Schwartzel,Collin Morikawa,Emiliano Grillo,Matt Wallace,Xander Schauffele,Patrick Reed,Low Exposure Golfer 6,,"49,700.00",421.73
144,Adam Hadwin,Brendan Steele,Justin Thomas,Keegan Bradley,Paul Casey,Dustin Johnson,Low Exposure Golfer 6,,"50,000.00",424.79
145,Abraham Ancer,Charley Hoffman,Corey Conners,Gary Woodland,Joaquin Niemann,Dustin Johnson,Low Exposure Golfer 6,,"49,000.00",432.64
146,Brian Harman,Cameron Davis,Harris English,Marc Leishman,Patrick Cantlay,Dustin Johnson,Low Exposure Golfer 6,,"49,000.00",426.78
147,Daniel Berger,Lee Westwood,Marc Leishman,Sergio Garcia,Shane Lowry,Dustin Johnson,Low Exposure Golfer 6,,"50,000.00",400.7
148,Cameron Davis,Chris Kirk,Justin Thomas,Keegan Bradley,Paul Casey,Brooks Koepka,Low Exposure Golfer 6,,"49,700.00",432.18
149,Carlos Ortiz,Daniel Berger,Jordan Spieth,Maverick McNealy,Paul Casey,Brooks Koepka,Low Exposure Golfer 6,,"49,400.00",418.33
150,Chris Kirk,Ian Poulter,J.T. Poston,Peter Malnati,Viktor Hovland,Brooks Koepka,Low Exposure Golfer 6,,"45,200.00",384.57
151,Max Homa,Sam Burns,Stewart Cink,Tony Finau,Will Zalatoris,Brooks Koepka,Low Exposure Golfer 6,,"48,600.00",435.71
152,Brian Harman,Carlos Ortiz,Patrick Reed,Scottie Scheffler,Sungjae Im,Brooks Koepka,Low Exposure Golfer 6,,"49,700.00",425.56
153,Jordan Spieth,Sam Burns,Sebastian Munoz,Shane Lowry,Tommy Fleetwood,Xander Schauffele,"Sum['SG:ARG_02674', '%_160', '%_103']",,"49,800.00",414.08
154,Abraham Ancer,Cameron Smith,Joaquin Niemann,Stewart Cink,Viktor Hovland,Webb Simpson,"Sum['AVERAGE_02564', 'AVERAGE_02674', 'AvgPointsPerGame']",,"50,000.00",481.49
155,Abraham Ancer,Collin Morikawa,Sam Burns,Shane Lowry,Stewart Cink,Viktor Hovland,"Sum['AVERAGE_02675', 'SG:OTT_02674', '%_160']",,"49,200.00",435.38