Team,P1,P2,P3,P4,P5,P6,Metrics,Window ,Cost,AvgPointsPerGame
1,Brian Harman,Jordan Spieth,Lee Westwood,Marc Leishman,Paul Casey,Sam Burns,"Sum['BIRDIE TO BOGEY RATIO_02415', '%_103', 'AVERAGE_02564']",,"47,700.00",405.43
2,Billy Horschel,Brooks Koepka,Cameron Tringale,Daniel Berger,Louis Oosthuizen,Viktor Hovland,"Sum['AVERAGE_02675', 'BIRDIE TO BOGEY RATIO_02415', 'AvgPointsPerGame']",,"49,800.00",446.04
3,Brian Harman,Bryson DeChambeau,Cameron Smith,Keegan Bradley,Kevin Na,Tommy Fleetwood,"Sum['SG:ARG_02674', 'AVG_104', 'SG:APR_02674']",,"48,900.00",436.25
4,Billy Horschel,Collin Morikawa,Corey Conners,Daniel Berger,Lee Westwood,Webb Simpson,"Sum['%_115', '%_103', 'AVERAGE_02675']",,"49,900.00",433.34
5,Aaron Wise,Bryson DeChambeau,Corey Conners,Sam Horsfield,Russell Henley,Hideki Matsuyama,Low Exposure Golfer 6,,"48,300.00",449.51
6,Charley Hoffman,Justin Thomas,Lee Westwood,Sam Burns,Sergio Garcia,Will Zalatoris,"Sum['AVG_104', 'AVERAGE_02674', 'SG:APR_02674']",,"49,900.00",431.28
7,Adam Scott,Cameron Tringale,Brooks Koepka,Jason Kokrak,Sam Burns,Xander Schauffele,"Sum['%_160', 'AVERAGE_02674', 'SG:ARG_02674']",,"48,700.00",435.85
8,Brian Harman,Bryson DeChambeau,Charley Hoffman,Daniel Berger,Paul Casey,Tony Finau,"Sum['AvgPointsPerGame', 'AVERAGE_02675', '%_115']",,"49,900.00",464.34
9,Brian Harman,Bryson DeChambeau,Harold Varner III,Jason Kokrak,Jordan Spieth,Shane Lowry,"Sum['%_160', 'SG:OTT_02674', '%_103']",,"49,200.00",422.39
10,Abraham Ancer,Chris Kirk,Daniel Berger,Gary Woodland,Lee Westwood,Rory McIlroy,"Sum['%_160', 'AVERAGE_02675', 'AVERAGE_02674']",,"50,000.00",400.46
11,Abraham Ancer,Ryan Palmer,Sam Burns,Viktor Hovland,Will Zalatoris,Xander Schauffele,"Sum['AvgPointsPerGame', '%_103', 'AVERAGE_02675']",,"50,000.00",487.53
12,Brian Harman,Bryson DeChambeau,Cameron Smith,Jason Kokrak,Ryan Palmer,Viktor Hovland,"Sum['AVERAGE_02564', '%_160', 'AvgPointsPerGame']",,"49,800.00",482.83
13,Collin Morikawa,Daniel Berger,Lanto Griffin,Matt Wallace,Sergio Garcia,Webb Simpson,"Sum['AVG_104', 'AVERAGE_02674', 'SG:OTT_02674']",,"49,300.00",422.61
14,Brooks Koepka,Corey Conners,Richy Werenski,Scottie Scheffler,Sungjae Im,Viktor Hovland,"Sum['AVG_104', '%_160', 'SG:OTT_02674']",,"49,500.00",424.68
15,Cameron Davis,Brooks Koepka,J.T. Poston,Matt Wallace,Viktor Hovland,Will Zalatoris,"Sum['AVERAGE_02675', 'AVG_104', 'SG:ARG_02674']",,"48,000.00",424.72
16,Adam Scott,Billy Horschel,Collin Morikawa,Joaquin Niemann,Marc Leishman,Will Zalatoris,"Sum['SG:APR_02674', '%_103', 'BIRDIE TO BOGEY RATIO_02415']",,"49,100.00",443.3
17,Brendon Todd,Ryan Palmer,Scottie Scheffler,Viktor Hovland,Will Zalatoris,Xander Schauffele,"Sum['AVERAGE_02675', 'AvgPointsPerGame', '%_160']",,"49,800.00",476.38
18,Bryson DeChambeau,Corey Conners,Emiliano Grillo,Joaquin Niemann,Stewart Cink,Webb Simpson,"Sum['AVERAGE_02564', 'SG:OTT_02674', '%_103']",,"48,700.00",466.75
19,Brian Harman,Harris English,Matt Wallace,Patrick Cantlay,Shane Lowry,Hideki Matsuyama,Low Exposure Golfer 6,,"48,200.00",408.16
20,Abraham Ancer,Bryson DeChambeau,Charley Hoffman,Joaquin Niemann,Tyrrell Hatton,Will Zalatoris,"Sum['AVERAGE_02674', 'SG:OTT_02674', 'AvgPointsPerGame']",,"50,000.00",477.89
21,Brian Harman,Cameron Smith,Joaquin Niemann,Sam Burns,Sungjae Im,Xander Schauffele,"Sum['AVERAGE_02564', 'SG:ARG_02674', 'AvgPointsPerGame']",,"49,500.00",475.49
22,Charley Hoffman,Collin Morikawa,Harry Higgs,Kevin Na,Marc Leishman,Rory McIlroy,"Sum['%_115', 'BIRDIE TO BOGEY RATIO_02415', '%_103']",,"49,500.00",394.95
23,Brian Harman,Daniel Berger,Jordan Spieth,Paul Casey,Sam Burns,Tony Finau,"Sum['SG:ARG_02674', 'BIRDIE TO BOGEY RATIO_02415', 'AvgPointsPerGame']",,"50,000.00",449.77
24,Daniel Berger,Harris English,Lee Westwood,Sam Burns,Viktor Hovland,Webb Simpson,"Sum['BIRDIE TO BOGEY RATIO_02415', 'AvgPointsPerGame', 'AVERAGE_02674']",,"49,300.00",441.58
25,Collin Morikawa,Corey Conners,Sam Burns,Russell Henley,Stewart Cink,Jon Rahm,Low Exposure Golfer 6,,"49,500.00",437.02
26,Denny McCarthy,Jordan Spieth,Patrick Cantlay,Si Woo Kim,Sungjae Im,Tony Finau,"Sum['AVERAGE_02675', 'AVERAGE_02674', 'AVERAGE_02564']",,"49,400.00",414.72
27,Corey Conners,Harold Varner III,Matt Wallace,Kalle Samooja,Justin Thomas,Sungjae Im,"Sum['SG:OTT_02674', '%_160', 'AVERAGE_02675']",,"47,600.00",429.78
28,Bryson DeChambeau,Emiliano Grillo,J.T. Poston,Patrick Reed,Scottie Scheffler,Sungjae Im,"Sum['SG:OTT_02674', '%_115', 'BIRDIE TO BOGEY RATIO_02415']",,"49,200.00",427.97
29,Charley Hoffman,Collin Morikawa,Joaquin Niemann,Marc Leishman,Sergio Garcia,Patrick Reed,Low Exposure Golfer 6,,"49,200.00",425.19
30,Aaron Wise,Abraham Ancer,Francesco Molinari,Rory McIlroy,Sam Burns,Will Zalatoris,"Sum['SG:ARG_02674', '%_103', 'AVERAGE_02674']",,"49,700.00",413.28
31,Rory McIlroy,Christiaan Bezuidenhout,Harris English,Ian Poulter,Louis Oosthuizen,Ryan Palmer,"Sum['%_160', 'AVG_104', 'AVERAGE_02564']",,"47,500.00",408.93
32,Cameron Davis,Corey Conners,Jason Kokrak,Justin Thomas,Talor Gooch,Xander Schauffele,"Sum['SG:APR_02674', 'BIRDIE TO BOGEY RATIO_02415', 'SG:OTT_02674']",,"49,100.00",446.94
33,Bryson DeChambeau,Jason Kokrak,Lee Westwood,Matt Wallace,Scottie Scheffler,Viktor Hovland,"Sum['SG:OTT_02674', '%_115', 'AVERAGE_02675']",,"49,900.00",427.15
34,Abraham Ancer,Chris Kirk,Hideki Matsuyama,Brooks Koepka,Maverick McNealy,Patrick Reed,Low Exposure Golfer 6,,"49,400.00",416.96
35,Brooks Koepka,Cameron Tringale,Daniel Berger,Jason Day,Louis Oosthuizen,Scottie Scheffler,"Sum['BIRDIE TO BOGEY RATIO_02415', 'AVERAGE_02675', 'SG:ARG_02674']",,"49,500.00",411.01
36,Cameron Davis,Charley Hoffman,Justin Thomas,Paul Casey,Si Woo Kim,Tony Finau,"Sum['AvgPointsPerGame', 'SG:APR_02674', '%_103']",,"49,000.00",440.41
37,Bryson DeChambeau,Daniel Berger,Joaquin Niemann,Lee Westwood,Matt Jones,Sergio Garcia,"Sum['%_115', 'AVERAGE_02674', 'SG:OTT_02674']",,"48,800.00",438.55
38,Charley Hoffman,Chris Kirk,Jordan Spieth,Maverick McNealy,Patrick Cantlay,Paul Casey,"Sum['BIRDIE TO BOGEY RATIO_02415', 'SG:ARG_02674', '%_103']",,"47,600.00",416.53
39,Jordan Spieth,Justin Thomas,Kevin Na,Marc Leishman,Russell Henley,Stewart Cink,"Sum['%_103', 'AVERAGE_02675', 'SG:APR_02674']",,"50,000.00",419.38
40,Charl Schwartzel,Collin Morikawa,Emiliano Grillo,Matt Wallace,Xander Schauffele,Patrick Reed,Low Exposure Golfer 6,,"49,700.00",421.73
41,Corey Conners,Gary Woodland,Justin Thomas,Kevin Na,Matt Wallace,Stewart Cink,"Sum['SG:OTT_02674', 'AVERAGE_02675', 'SG:ARG_02674']",,"47,600.00",401.7
42,Jordan Spieth,Sam Burns,Sebastian Munoz,Shane Lowry,Tommy Fleetwood,Xander Schauffele,"Sum['SG:ARG_02674', '%_160', '%_103']",,"49,800.00",414.08
43,Harris English,Justin Thomas,Lee Westwood,Max Homa,Sam Burns,Viktor Hovland,"Sum['AVERAGE_02674', 'AVERAGE_02675', 'BIRDIE TO BOGEY RATIO_02415']",,"50,000.00",429.77
44,Collin Morikawa,Daniel Berger,Joaquin Niemann,Sam Burns,Stewart Cink,Patrick Reed,Low Exposure Golfer 6,,"49,800.00",450.39
45,Aaron Wise,Abraham Ancer,Jordan Spieth,Kevin Streelman,Webb Simpson,Will Zalatoris,"Sum['SG:APR_02674', 'SG:ARG_02674', 'AVG_104']",,"49,900.00",435.66
46,Collin Morikawa,Emiliano Grillo,Jason Kokrak,Stewart Cink,Viktor Hovland,Webb Simpson,"Sum['%_103', 'AVG_104', 'SG:APR_02674']",,"49,300.00",451.52
47,Brian Harman,Bryson DeChambeau,Corey Conners,Gary Woodland,Shane Lowry,Webb Simpson,"Sum['AVERAGE_02675', '%_160', 'SG:OTT_02674']",,"49,700.00",424.54
48,Bryson DeChambeau,Chris Kirk,Corey Conners,Jordan Spieth,Lee Westwood,Matt Wallace,"Sum['AVERAGE_02674', 'AVERAGE_02675', '%_103']",,"49,700.00",421.2
49,Bryson DeChambeau,Harry Higgs,Jordan Spieth,Sebastian Munoz,Talor Gooch,Viktor Hovland,"Sum['SG:APR_02674', '%_115', '%_160']",,"49,200.00",420.79
50,Abraham Ancer,Charl Schwartzel,Corey Conners,Francesco Molinari,Rory McIlroy,Viktor Hovland,"Sum['SG:OTT_02674', '%_103', 'SG:APR_02674']",,"49,900.00",412.66
51,Abraham Ancer,Cameron Smith,Joaquin Niemann,Stewart Cink,Viktor Hovland,Webb Simpson,"Sum['AVERAGE_02564', 'AVERAGE_02674', 'AvgPointsPerGame']",,"50,000.00",481.49
52,Cameron Davis,Jon Rahm,Jordan Spieth,Lanto Griffin,Stewart Cink,Will Zalatoris,"Sum['SG:APR_02674', '%_103', '%_160']",,"49,800.00",439.24
53,Billy Horschel,Charley Hoffman,Chris Kirk,Collin Morikawa,Viktor Hovland,Webb Simpson,"Sum['AVERAGE_02675', 'AVERAGE_02674', '%_103']",,"49,800.00",453.52
54,Aaron Wise,Gary Woodland,Joaquin Niemann,Patrick Cantlay,Si Woo Kim,Tony Finau,"Sum['%_103', 'AVERAGE_02564', 'SG:OTT_02674']",,"47,300.00",401.03
55,Adam Scott,Bryson DeChambeau,Francesco Molinari,Louis Oosthuizen,Matt Jones,Patrick Reed,"Sum['BIRDIE TO BOGEY RATIO_02415', 'AVERAGE_02675', 'AVG_104']",,"49,100.00",423.19
56,Emiliano Grillo,Paul Casey,Sam Burns,Tony Finau,Will Zalatoris,Xander Schauffele,"Sum['AvgPointsPerGame', 'SG:APR_02674', '%_115']",,"49,200.00",468.78
57,Harold Varner III,Harris English,Louis Oosthuizen,Patrick Reed,Scottie Scheffler,Xander Schauffele,"Sum['AVERAGE_02564', 'BIRDIE TO BOGEY RATIO_02415', '%_160']",,"49,000.00",433.05
58,Charley Hoffman,Chris Kirk,Francesco Molinari,Matt Wallace,Tony Finau,Viktor Hovland,"Sum['%_115', 'AVERAGE_02675', 'AVERAGE_02674']",,"46,400.00",416.77
59,Charley Hoffman,Patrick Cantlay,Patrick Reed,Paul Casey,Si Woo Kim,Viktor Hovland,"Sum['AVERAGE_02564', 'AVERAGE_02675', 'AVERAGE_02674']",,"49,600.00",438.55
60,Bryson DeChambeau,Corey Conners,Jason Kokrak,Joaquin Niemann,Sam Horsfield,Webb Simpson,"Sum['%_103', 'AVG_104', 'AVERAGE_02564']",,"48,600.00",487.98
61,Abraham Ancer,Brian Harman,Bryson DeChambeau,Jason Kokrak,Sam Burns,Viktor Hovland,"Sum['%_115', 'AvgPointsPerGame', 'SG:OTT_02674']",,"49,400.00",463.48
62,Charley Hoffman,J.T. Poston,Joaquin Niemann,Matt Wallace,Rory McIlroy,Viktor Hovland,"Sum['SG:OTT_02674', 'AVERAGE_02564', 'SG:APR_02674']",,"49,400.00",428.38
63,Collin Morikawa,Corey Conners,Joaquin Niemann,Justin Thomas,Sebastian Munoz,Stewart Cink,"Sum['SG:APR_02674', 'AvgPointsPerGame', '%_103']",,"50,000.00",448.1
64,Adam Scott,Brendan Steele,Bryson DeChambeau,Cameron Davis,Daniel Berger,Joaquin Niemann,"Sum['AVERAGE_02564', 'SG:OTT_02674', 'SG:APR_02674']",,"48,000.00",452.22
65,Jordan Spieth,Matt Wallace,Patrick Cantlay,Paul Casey,Si Woo Kim,Tony Finau,"Sum['AVERAGE_02675', 'SG:APR_02674', 'AVG_104']",,"50,000.00",421.46
66,Adam Scott,Brian Harman,Paul Casey,Sam Burns,Shane Lowry,Will Zalatoris,"Sum['AVERAGE_02675', '%_160', 'AvgPointsPerGame']",,"47,100.00",435.68
67,Cameron Tringale,Charl Schwartzel,Collin Morikawa,Emiliano Grillo,Francesco Molinari,Viktor Hovland,"Sum['%_160', 'AVERAGE_02674', 'AVG_104']",,"46,800.00",403.27
68,Charl Schwartzel,Collin Morikawa,Joaquin Niemann,Marc Leishman,Matt Jones,Will Zalatoris,"Sum['%_160', 'AVERAGE_02674', '%_103']",,"47,900.00",426.71
69,Brian Harman,Emiliano Grillo,Jordan Spieth,Matt Wallace,Patrick Cantlay,Paul Casey,"Sum['%_160', 'BIRDIE TO BOGEY RATIO_02415', 'AVERAGE_02675']",,"48,600.00",424.36
70,Hideki Matsuyama,Cameron Tringale,Chris Kirk,Jordan Spieth,Lee Westwood,Matt Jones,"Sum['AVERAGE_02675', 'SG:ARG_02674', 'SG:APR_02674']",,"48,100.00",407.98
71,Abraham Ancer,Bryson DeChambeau,Emiliano Grillo,Ryan Palmer,Sungjae Im,Hideki Matsuyama,Low Exposure Golfer 6,,"49,700.00",458.16
72,Cameron Smith,Charley Hoffman,Paul Casey,Tony Finau,Tyrrell Hatton,Patrick Reed,Low Exposure Golfer 6,,"49,600.00",455.99
73,Gary Woodland,Jordan Spieth,Kevin Streelman,Max Homa,Patrick Cantlay,Tony Finau,"Sum['SG:OTT_02674', 'AVERAGE_02675', '%_115']",,"49,200.00",392.48
74,Jon Rahm,Corey Conners,Harris English,Billy Horschel,Chris Kirk,Jon Rahm,Low Exposure Golfer 6,,"50,000.00",449.04
75,Xander Schauffele,Cameron Smith,Louis Oosthuizen,Christiaan Bezuidenhout,Denny McCarthy,Jon Rahm,Low Exposure Golfer 6,,"50,000.00",445.32
76,Adam Scott,Cameron Davis,Cameron Tringale,Gary Woodland,Talor Gooch,Rory McIlroy,"Sum['AVG_104', '%_160', 'SG:APR_02674']",,"47,500.00",386.72
77,Billy Horschel,Chris Kirk,Kevin Na,Matt Wallace,Rory McIlroy,Webb Simpson,"Sum['AVERAGE_02675', 'SG:ARG_02674', '%_103']",,"49,200.00",422.1
78,Cameron Davis,Charl Schwartzel,Jason Dufner,Jordan Spieth,Patrick Reed,Xander Schauffele,"Sum['SG:ARG_02674', '%_160', 'AVG_104']",,"48,800.00",401.53
79,Charl Schwartzel,Collin Morikawa,Jason Dufner,Jon Rahm,Paul Casey,Stewart Cink,"Sum['SG:APR_02674', 'AVERAGE_02675', 'AVG_104']",,"48,000.00",399.06
80,Adam Hadwin,Adam Scott,Bryson DeChambeau,Jordan Spieth,Matt Wallace,Shane Lowry,"Sum['SG:ARG_02674', '%_160', 'BIRDIE TO BOGEY RATIO_02415']",,"49,700.00",403.98
81,Brian Harman,Bryson DeChambeau,Cameron Tringale,Matt Wallace,Sungjae Im,Viktor Hovland,"Sum['AVERAGE_02564', 'AVERAGE_02674', 'BIRDIE TO BOGEY RATIO_02415']",,"49,700.00",452.54
82,Collin Morikawa,Corey Conners,Daniel Berger,Kevin Streelman,Russell Henley,Hideki Matsuyama,Low Exposure Golfer 6,,"49,400.00",427.22
83,Daniel Berger,Jordan Spieth,Lee Westwood,Paul Casey,Sam Burns,Tony Finau,"Sum['AVERAGE_02674', '%_115', '%_103']",,"50,000.00",429.16
84,Billy Horschel,Chris Kirk,Collin Morikawa,Sebastian Munoz,Viktor Hovland,Webb Simpson,"Sum['%_103', 'AVERAGE_02675', 'SG:APR_02674']",,"49,100.00",444.09
85,Cameron Smith,Will Zalatoris,Joaquin Niemann,Chris Kirk,Ryan Palmer,Jon Rahm,Low Exposure Golfer 6,,"49,900.00",488.54
86,Abraham Ancer,Daniel Berger,Emiliano Grillo,Matt Wallace,Patrick Cantlay,Paul Casey,"Sum['SG:OTT_02674', 'AVERAGE_02675', 'BIRDIE TO BOGEY RATIO_02415']",,"47,700.00",431.91
87,Charley Hoffman,Jordan Spieth,Matt Wallace,Kalle Samooja,Paul Casey,Hideki Matsuyama,"Sum['%_103', 'AVERAGE_02675', 'BIRDIE TO BOGEY RATIO_02415']",,"48,300.00",425.6
88,Adam Hadwin,Jason Day,Justin Thomas,Paul Casey,Sergio Garcia,Viktor Hovland,"Sum['%_160', 'AVERAGE_02675', 'AVERAGE_02674']",,"49,900.00",417.97
89,Abraham Ancer,Cameron Smith,Joaquin Niemann,Ryan Palmer,Will Zalatoris,Xander Schauffele,"Sum['%_103', '%_160', 'AvgPointsPerGame']",,"49,900.00",499.63
90,Cameron Davis,Chris Kirk,Justin Thomas,Keegan Bradley,Paul Casey,Brooks Koepka,Low Exposure Golfer 6,,"49,700.00",432.18
91,Brendan Steele,Rory McIlroy,Jason Day,Kevin Na,Shane Lowry,Tyrrell Hatton,"Sum['SG:OTT_02674', 'AVG_104', 'SG:ARG_02674']",,"48,400.00",388.49
92,Bryson DeChambeau,Harris English,Joaquin Niemann,Jordan Spieth,Sebastian Munoz,Sergio Garcia,"Sum['AVG_104', '%_115', '%_103']",,"49,500.00",438.98
93,Harold Varner III,Jason Kokrak,Justin Thomas,Russell Henley,Ryan Palmer,Xander Schauffele,"Sum['AVERAGE_02675', 'BIRDIE TO BOGEY RATIO_02415', '%_103']",,"48,700.00",451.09
94,Cameron Davis,Hideki Matsuyama,Jason Kokrak,Shane Lowry,Will Zalatoris,Xander Schauffele,"Sum['SG:OTT_02674', '%_160', 'AVG_104']",,"49,600.00",444.06
95,Abraham Ancer,Gary Woodland,Max Homa,Tony Finau,Viktor Hovland,Webb Simpson,"Sum['AVERAGE_02675', 'AVG_104', 'SG:OTT_02674']",,"49,800.00",431.51
96,Bryson DeChambeau,Cameron Davis,Charl Schwartzel,Jason Kokrak,Patrick Reed,Xander Schauffele,"Sum['AVERAGE_02674', '%_160', 'AVERAGE_02564']",,"49,700.00",441.55
97,Chris Kirk,Marc Leishman,Patrick Reed,Peter Malnati,Viktor Hovland,Xander Schauffele,"Sum['%_160', '%_103', 'AVERAGE_02564']",,"48,800.00",432.85
98,Bryson DeChambeau,Charl Schwartzel,Daniel Berger,Jason Kokrak,Lee Westwood,Xander Schauffele,"Sum['SG:OTT_02674', 'SG:ARG_02674', 'AVERAGE_02675']",,"49,800.00",433.28
99,Daniel Berger,Harris English,Justin Thomas,Lee Westwood,Sam Burns,Sergio Garcia,"Sum['%_103', '%_115', 'SG:APR_02674']",,"49,700.00",424.77
100,Charley Hoffman,Collin Morikawa,Daniel Berger,Patrick Cantlay,Ryan Palmer,Tom Lewis,"Sum['AVG_104', 'AVERAGE_02675', 'AVERAGE_02564']",,"48,100.00",418.75
101,Abraham Ancer,Collin Morikawa,Sam Burns,Shane Lowry,Stewart Cink,Viktor Hovland,"Sum['AVERAGE_02675', 'SG:OTT_02674', '%_160']",,"49,200.00",435.38
102,Aaron Wise,Abraham Ancer,J.T. Poston,Justin Thomas,Sergio Garcia,Shane Lowry,"Sum['AVG_104', 'AVERAGE_02674', 'SG:APR_02674']",,"47,900.00",399.41
103,Adam Hadwin,Rory McIlroy,Matt Jones,Max Homa,Shane Lowry,Webb Simpson,"Sum['AVERAGE_02564', 'SG:ARG_02674', 'AVERAGE_02674']",,"49,200.00",400.3
104,Collin Morikawa,Corey Conners,Jordan Spieth,Matt Wallace,Maverick McNealy,Sergio Garcia,"Sum['%_160', 'SG:OTT_02674', 'AVERAGE_02674']",,"49,000.00",403.44
105,Daniel Berger,Jordan Spieth,Matt Wallace,Maverick McNealy,Patrick Cantlay,Paul Casey,"Sum['%_103', 'SG:ARG_02674', 'AVERAGE_02674']",,"49,400.00",415.6
106,Sam Horsfield,Collin Morikawa,Harry Higgs,Marc Leishman,Sebastian Munoz,Webb Simpson,"Sum['AVERAGE_02564', '%_103', '%_160']",,"46,300.00",421.19
107,Charley Hoffman,Gary Woodland,Joaquin Niemann,Patrick Cantlay,Si Woo Kim,Tony Finau,"Sum['SG:OTT_02674', 'AVERAGE_02674', 'AvgPointsPerGame']",,"47,400.00",412.33
108,Max Homa,Sam Burns,Robert Macintyre,Tony Finau,Will Zalatoris,Brooks Koepka,Low Exposure Golfer 6,,"48,700.00",429.22
109,Rory McIlroy,Christiaan Bezuidenhout,Ian Poulter,Brooks Koepka,Phil Mickelson,Ryan Palmer,"Sum['AVG_104', 'AVERAGE_02564', '%_115']",,"48,500.00",391.35
110,Aaron Wise,Marc Leishman,Martin Laird,Scottie Scheffler,Viktor Hovland,Will Zalatoris,"Sum['AVG_104', '%_115', '%_160']",,"47,700.00",414.49
111,Abraham Ancer,Charl Schwartzel,Collin Morikawa,Corey Conners,Jim Herman,Will Zalatoris,"Sum['%_103', 'AVG_104', 'SG:APR_02674']",,"47,000.00",405.55
112,Charley Hoffman,Kevin Na,Marc Leishman,Matt Wallace,Rory McIlroy,Viktor Hovland,"Sum['%_115', 'AVERAGE_02564', 'AVERAGE_02674']",,"50,000.00",413.33
113,Aaron Wise,Cameron Davis,Corey Conners,Joaquin Niemann,Kevin Streelman,Rory McIlroy,"Sum['AVG_104', 'SG:OTT_02674', 'SG:ARG_02674']",,"47,700.00",418.03
114,Cameron Tringale,Collin Morikawa,Kevin Na,Marc Leishman,Tony Finau,Viktor Hovland,"Sum['SG:APR_02674', '%_115', 'AVG_104']",,"49,300.00",431.53
115,Billy Horschel,Justin Thomas,Cameron Tringale,Charley Hoffman,Jason Day,Hideki Matsuyama,Low Exposure Golfer 6,,"50,000.00",418.28
116,Gary Woodland,Justin Thomas,Kevin Na,Matt Wallace,Russell Henley,Stewart Cink,"Sum['AVERAGE_02675', 'AVERAGE_02674', 'SG:ARG_02674']",,"47,200.00",395.2
117,Charley Hoffman,Corey Conners,Emiliano Grillo,Justin Thomas,Stewart Cink,Sungjae Im,"Sum['SG:OTT_02674', '%_103', 'AVERAGE_02675']",,"48,400.00",442.94
118,Brian Harman,Joaquin Niemann,Ryan Palmer,Viktor Hovland,Will Zalatoris,Hideki Matsuyama,Low Exposure Golfer 6,,"49,600.00",482.57
119,Adam Hadwin,Christiaan Bezuidenhout,Kevin Na,Justin Thomas,Jon Rahm,Tommy Fleetwood,"Sum['SG:APR_02674', 'AVG_104', 'SG:ARG_02674']",,"50,000.00",409.18
120,Billy Horschel,Brian Harman,Cameron Smith,Kevin Na,Marc Leishman,Webb Simpson,"Sum['AVERAGE_02564', 'BIRDIE TO BOGEY RATIO_02415', 'SG:ARG_02674']",,"47,200.00",434.15
121,Brian Harman,Joaquin Niemann,Ryan Palmer,Viktor Hovland,Will Zalatoris,Xander Schauffele,"Sum['AVERAGE_02674', 'AVERAGE_02564', 'AvgPointsPerGame']",,"49,800.00",500.42
122,Billy Horschel,Brooks Koepka,Cameron Tringale,Louis Oosthuizen,Sam Burns,Scottie Scheffler,"Sum['%_103', '%_115', 'SG:ARG_02674']",,"47,800.00",419.21
123,Brian Harman,Cameron Smith,Daniel Berger,Patrick Cantlay,Paul Casey,Shane Lowry,"Sum['AvgPointsPerGame', 'SG:ARG_02674', '%_103', 'AVERAGE_02675', '%_160']",,"49,500.00",444.37
124,Abraham Ancer,Collin Morikawa,Daniel Berger,Patrick Cantlay,Si Woo Kim,Sam Horsfield,"Sum['AvgPointsPerGame', 'SG:ARG_02674', 'SG:OTT_02674', 'AVERAGE_02674', 'SG:APR_02674']",,"49,300.00",454.56
125,Brian Harman,Harold Varner III,Marc Leishman,Justin Thomas,Sam Horsfield,Webb Simpson,"Sum['BIRDIE TO BOGEY RATIO_02415', 'AVERAGE_02675', 'AVERAGE_02564', '%_103', '%_160']",,"48,800.00",451.64
126,Bryson DeChambeau,Corey Conners,Daniel Berger,Joaquin Niemann,Sam Horsfield,Will Zalatoris,"Sum['AvgPointsPerGame', 'AVG_104', 'AVERAGE_02675', '%_103', 'AVERAGE_02674']",,"49,800.00",502.18
127,Chris Kirk,Daniel Berger,Paul Casey,Sam Burns,Viktor Hovland,Webb Simpson,"Sum['%_115', 'AvgPointsPerGame', 'AVERAGE_02675', 'AVG_104', 'SG:ARG_02674']",,"49,400.00",464.21
128,Cameron Davis,Chris Kirk,Daniel Berger,Justin Thomas,Sam Horsfield,Webb Simpson,"Sum['BIRDIE TO BOGEY RATIO_02415', 'SG:OTT_02674', '%_115', 'AVERAGE_02674', '%_103']",,"49,800.00",478.55
129,Bryson DeChambeau,J.T. Poston,Patrick Reed,Richy Werenski,Sungjae Im,Xander Schauffele,"Sum['SG:OTT_02674', 'AVERAGE_02564', 'AVERAGE_02675', '%_160', 'AVG_104']",,"49,600.00",432.49
130,Jon Rahm,Jordan Spieth,Corey Conners,Sam Burns,Harris English,Jason Kokrak,"Sum['SG:ARG_02674', 'TOP 10_138', '%_160']",,"50,000.00",437.88
131,Xander Schauffele,Viktor Hovland,Cameron Smith,Louis Oosthuizen,Harris English,Chris Kirk,"Sum['TOP 10_138', '%_160', 'BIRDIE TO BOGEY RATIO_02415']",,"50,000.00",475.16
132,Jon Rahm,Bryson DeChambeau,Corey Conners,Sam Burns,Harris English,Ryan Palmer,"Sum['AVG_104', '%_115', '%_160']",,"49,900.00",463.73
133,Jon Rahm,Viktor Hovland,Patrick Reed,Max Homa,Harris English,Harry Higgs,"Sum['SG:APR_02674', '1ST_138', 'AVG_104']",,"49,800.00",429.07
134,Bryson DeChambeau,Collin Morikawa,Viktor Hovland,Sam Burns,Stewart Cink,Martin Laird,"Sum['%_103', '%_160', '%_115']",,"50,000.00",443.53
135,Justin Thomas,Xander Schauffele,Joaquin Niemann,Sam Burns,Ryan Palmer,Stewart Cink,"Sum['TOP 10_138', '%_160', 'AVERAGE_02675']",,"50,000.00",479.03
136,Jon Rahm,Will Zalatoris,Tony Finau,Corey Conners,Sam Burns,Chris Kirk,"Sum['SG:APR_02674', 'AVERAGE_02675', 'AVG_104']",,"50,000.00",462.36
137,Collin Morikawa,Will Zalatoris,Corey Conners,Matt Wallace,Charley Hoffman,Russell Henley,"Sum['BIRDIE TO BOGEY RATIO_02415', '1ST_138', '%_115']",,"48,100.00",432.95
138,Bryson DeChambeau,Patrick Reed,Cameron Smith,Sam Burns,Harris English,Robert Macintyre,"Sum['BIRDIE TO BOGEY RATIO_02415', 'SG:APR_02674', '%_115']",,"49,900.00",448.98
139,Justin Thomas,Daniel Berger,Joaquin Niemann,Sam Burns,Harris English,Ryan Palmer,"Sum['BIRDIE TO BOGEY RATIO_02415', '%_103', 'AvgPointsPerGame']",,"49,400.00",469.84
140,Webb Simpson,Cameron Smith,Daniel Berger,Abraham Ancer,Joaquin Niemann,Ryan Palmer,"Sum['SG:OTT_02674', '1ST_138', 'AVG_104']",,"49,400.00",485.25
141,Bryson DeChambeau,Viktor Hovland,Daniel Berger,Sergio Garcia,Jason Kokrak,Robert Macintyre,"Sum['1ST_138', 'AVERAGE_02564', 'BIRDIE TO BOGEY RATIO_02415']",,"49,900.00",450.58
142,Webb Simpson,Patrick Reed,Daniel Berger,Louis Oosthuizen,Jason Kokrak,Brendon Todd,"Sum['BIRDIE TO BOGEY RATIO_02415', 'SG:OTT_02674', 'AvgPointsPerGame']",,"48,800.00",443.4
143,Bryson DeChambeau,Webb Simpson,Daniel Berger,Joaquin Niemann,Emiliano Grillo,Ryan Palmer,"Sum['AVG_104', 'SG:APR_02674', 'AVERAGE_02564']",,"49,800.00",482.68
144,Xander Schauffele,Will Zalatoris,Daniel Berger,Tyrrell Hatton,Sam Burns,Matt Wallace,"Sum['BIRDIE TO BOGEY RATIO_02415', 'AVERAGE_02564', '1ST_138']",,"50,000.00",460.92
145,Jon Rahm,Patrick Reed,Daniel Berger,Harris English,Jason Kokrak,Robert Macintyre,"Sum['AVG_104', 'AVERAGE_02675', '%_103']",,"49,600.00",437.3
146,Bryson DeChambeau,Xander Schauffele,Joaquin Niemann,Corey Conners,Matt Wallace,Charley Hoffman,"Sum['AVERAGE_02675', 'AVG_104', 'AvgPointsPerGame']",,"49,900.00",464.9
147,Xander Schauffele,Viktor Hovland,Will Zalatoris,Joaquin Niemann,Corey Conners,Ryan Palmer,"Sum['AvgPointsPerGame', '%_115', 'AVG_104']",,"50,000.00",499.77
148,Xander Schauffele,Patrick Reed,Cameron Smith,Joaquin Niemann,Sam Burns,Ryan Palmer,"Sum['%_160', 'AVG_104', 'TOP 10_138']",,"49,800.00",481.06
149,Jon Rahm,Viktor Hovland,Patrick Reed,Max Homa,Harris English,Harry Higgs,"Sum['AVG_104', '%_160', 'AVERAGE_02564']",,"49,800.00",429.07
150,Bryson DeChambeau,Xander Schauffele,Patrick Reed,Louis Oosthuizen,Brendon Todd,Harry Higgs,"Sum['AVERAGE_02675', 'AVERAGE_02564', 'SG:APR_02674']",,"50,000.00",443.84